precision,recall,accuracy,f1_score,log_loss,roc_auc
0.8750686436024162,0.5525312066574203,0.6954253611556982,0.6773645058448459,0.5474097517700572,0.7414515484515485
